course,course_Category
0,N
0.1,N
0.2,N
0.3,N
0.4,N
0.5,N
0.6,N
0.7,N
0.8,N
0.9,N
1,N
1.1,N
1.2,N
1.3,N
1.4,N
1.5,N
1.6,N
1.7,N
1.8,N
1.9,N
2,N
2.1,N
2.2,N
2.3,N
2.4,N
2.5,N
2.6,N
2.7,N
2.8,N
2.9,N
3,N
3.1,N
3.2,N
3.3,N
3.4,N
3.5,N
3.6,N
3.7,N
3.8,N
3.9,N
4,N
4.1,N
4.2,N
4.3,N
4.4,N
4.5,N
4.6,N
4.7,N
4.8,N
4.9,N
5,N
5.1,N
5.2,N
5.3,N
5.4,N
5.5,N
5.6,N
5.7,N
5.8,N
5.9,N
6,N
6.1,N
6.2,N
6.3,N
6.4,N
6.5,N
6.6,N
6.7,N
6.8,N
6.9,N
7,N
7.1,N
7.2,N
7.3,N
7.4,N
7.5,N
7.6,N
7.7,N
7.8,N
7.9,N
8,N
8.1,N
8.2,N
8.3,N
8.4,N
8.5,N
8.6,N
8.7,N
8.8,N
8.9,N
9,N
9.1,N
9.2,N
9.3,N
9.4,N
9.5,N
9.6,N
9.7,N
9.8,N
9.9,N
10,N
10.1,N
10.2,N
10.3,N
10.4,N
10.5,N
10.6,N
10.7,N
10.8,N
10.9,N
11,N
11.1,N
11.2,N
11.3,N
11.4,N
11.5,N
11.6,N
11.7,N
11.8,N
11.9,N
12,N
12.1,N
12.2,N
12.3,N
12.4,N
12.5,N
12.6,N
12.7,N
12.8,N
12.9,N
13,N
13.1,N
13.2,N
13.3,N
13.4,N
13.5,N
13.6,N
13.7,N
13.8,N
13.9,N
14,N
14.1,N
14.2,N
14.3,N
14.4,N
14.5,N
14.6,N
14.7,N
14.8,N
14.9,N
15,N
15.1,N
15.2,N
15.3,N
15.4,N
15.5,N
15.6,N
15.7,N
15.8,N
15.9,N
16,N
16.1,N
16.2,N
16.3,N
16.4,N
16.5,N
16.6,N
16.7,N
16.8,N
16.9,N
17,N
17.1,N
17.2,N
17.3,N
17.4,N
17.5,N
17.6,N
17.7,N
17.8,N
17.9,N
18,N
18.1,N
18.2,N
18.3,N
18.4,N
18.5,N
18.6,N
18.7,N
18.8,N
18.9,N
19,N
19.1,N
19.2,N
19.3,N
19.4,N
19.5,N
19.6,N
19.7,N
19.8,N
19.9,N
20,N
20.1,N
20.2,N
20.3,N
20.4,N
20.5,N
20.6,N
20.7,N
20.8,N
20.9,N
21,N
21.1,N
21.2,N
21.3,N
21.4,N
21.5,N
21.6,N
21.7,N
21.8,N
21.9,N
22,N
22.1,N
22.2,N
22.3,N
22.4,N
22.5,NE
22.6,NE
22.7,NE
22.8,NE
22.9,NE
23,NE
23.1,NE
23.2,NE
23.3,NE
23.4,NE
23.5,NE
23.6,NE
23.7,NE
23.8,NE
23.9,NE
24,NE
24.1,NE
24.2,NE
24.3,NE
24.4,NE
24.5,NE
24.6,NE
24.7,NE
24.8,NE
24.9,NE
25,NE
25.1,NE
25.2,NE
25.3,NE
25.4,NE
25.5,NE
25.6,NE
25.7,NE
25.8,NE
25.9,NE
26,NE
26.1,NE
26.2,NE
26.3,NE
26.4,NE
26.5,NE
26.6,NE
26.7,NE
26.8,NE
26.9,NE
27,NE
27.1,NE
27.2,NE
27.3,NE
27.4,NE
27.5,NE
27.6,NE
27.7,NE
27.8,NE
27.9,NE
28,NE
28.1,NE
28.2,NE
28.3,NE
28.4,NE
28.5,NE
28.6,NE
28.7,NE
28.8,NE
28.9,NE
29,NE
29.1,NE
29.2,NE
29.3,NE
29.4,NE
29.5,NE
29.6,NE
29.7,NE
29.8,NE
29.9,NE
30,NE
30.1,NE
30.2,NE
30.3,NE
30.4,NE
30.5,NE
30.6,NE
30.7,NE
30.8,NE
30.9,NE
31,NE
31.1,NE
31.2,NE
31.3,NE
31.4,NE
31.5,NE
31.6,NE
31.7,NE
31.8,NE
31.9,NE
32,NE
32.1,NE
32.2,NE
32.3,NE
32.4,NE
32.5,NE
32.6,NE
32.7,NE
32.8,NE
32.9,NE
33,NE
33.1,NE
33.2,NE
33.3,NE
33.4,NE
33.5,NE
33.6,NE
33.7,NE
33.8,NE
33.9,NE
34,NE
34.1,NE
34.2,NE
34.3,NE
34.4,NE
34.5,NE
34.6,NE
34.7,NE
34.8,NE
34.9,NE
35,NE
35.1,NE
35.2,NE
35.3,NE
35.4,NE
35.5,NE
35.6,NE
35.7,NE
35.8,NE
35.9,NE
36,NE
36.1,NE
36.2,NE
36.3,NE
36.4,NE
36.5,NE
36.6,NE
36.7,NE
36.8,NE
36.9,NE
37,NE
37.1,NE
37.2,NE
37.3,NE
37.4,NE
37.5,NE
37.6,NE
37.7,NE
37.8,NE
37.9,NE
38,NE
38.1,NE
38.2,NE
38.3,NE
38.4,NE
38.5,NE
38.6,NE
38.7,NE
38.8,NE
38.9,NE
39,NE
39.1,NE
39.2,NE
39.3,NE
39.4,NE
39.5,NE
39.6,NE
39.7,NE
39.8,NE
39.9,NE
40,NE
40.1,NE
40.2,NE
40.3,NE
40.4,NE
40.5,NE
40.6,NE
40.7,NE
40.8,NE
40.9,NE
41,NE
41.1,NE
41.2,NE
41.3,NE
41.4,NE
41.5,NE
41.6,NE
41.7,NE
41.8,NE
41.9,NE
42,NE
42.1,NE
42.2,NE
42.3,NE
42.4,NE
42.5,NE
42.6,NE
42.7,NE
42.8,NE
42.9,NE
43,NE
43.1,NE
43.2,NE
43.3,NE
43.4,NE
43.5,NE
43.6,NE
43.7,NE
43.8,NE
43.9,NE
44,NE
44.1,NE
44.2,NE
44.3,NE
44.4,NE
44.5,NE
44.6,NE
44.7,NE
44.8,NE
44.9,NE
45,NE
45.1,NE
45.2,NE
45.3,NE
45.4,NE
45.5,NE
45.6,NE
45.7,NE
45.8,NE
45.9,NE
46,NE
46.1,NE
46.2,NE
46.3,NE
46.4,NE
46.5,NE
46.6,NE
46.7,NE
46.8,NE
46.9,NE
47,NE
47.1,NE
47.2,NE
47.3,NE
47.4,NE
47.5,NE
47.6,NE
47.7,NE
47.8,NE
47.9,NE
48,NE
48.1,NE
48.2,NE
48.3,NE
48.4,NE
48.5,NE
48.6,NE
48.7,NE
48.8,NE
48.9,NE
49,NE
49.1,NE
49.2,NE
49.3,NE
49.4,NE
49.5,NE
49.6,NE
49.7,NE
49.8,NE
49.9,NE
50,NE
50.1,NE
50.2,NE
50.3,NE
50.4,NE
50.5,NE
50.6,NE
50.7,NE
50.8,NE
50.9,NE
51,NE
51.1,NE
51.2,NE
51.3,NE
51.4,NE
51.5,NE
51.6,NE
51.7,NE
51.8,NE
51.9,NE
52,NE
52.1,NE
52.2,NE
52.3,NE
52.4,NE
52.5,NE
52.6,NE
52.7,NE
52.8,NE
52.9,NE
53,NE
53.1,NE
53.2,NE
53.3,NE
53.4,NE
53.5,NE
53.6,NE
53.7,NE
53.8,NE
53.9,NE
54,NE
54.1,NE
54.2,NE
54.3,NE
54.4,NE
54.5,NE
54.6,NE
54.7,NE
54.8,NE
54.9,NE
55,NE
55.1,NE
55.2,NE
55.3,NE
55.4,NE
55.5,NE
55.6,NE
55.7,NE
55.8,NE
55.9,NE
56,NE
56.1,NE
56.2,NE
56.3,NE
56.4,NE
56.5,NE
56.6,NE
56.7,NE
56.8,NE
56.9,NE
57,NE
57.1,NE
57.2,NE
57.3,NE
57.4,NE
57.5,NE
57.6,NE
57.7,NE
57.8,NE
57.9,NE
58,NE
58.1,NE
58.2,NE
58.3,NE
58.4,NE
58.5,NE
58.6,NE
58.7,NE
58.8,NE
58.9,NE
59,NE
59.1,NE
59.2,NE
59.3,NE
59.4,NE
59.5,NE
59.6,NE
59.7,NE
59.8,NE
59.9,NE
60,NE
60.1,NE
60.2,NE
60.3,NE
60.4,NE
60.5,NE
60.6,NE
60.7,NE
60.8,NE
60.9,NE
61,NE
61.1,NE
61.2,NE
61.3,NE
61.4,NE
61.5,NE
61.6,NE
61.7,NE
61.8,NE
61.9,NE
62,NE
62.1,NE
62.2,NE
62.3,NE
62.4,NE
62.5,NE
62.6,NE
62.7,NE
62.8,NE
62.9,NE
63,NE
63.1,NE
63.2,NE
63.3,NE
63.4,NE
63.5,NE
63.6,NE
63.7,NE
63.8,NE
63.9,NE
64,NE
64.1,NE
64.2,NE
64.3,NE
64.4,NE
64.5,NE
64.6,NE
64.7,NE
64.8,NE
64.9,NE
65,NE
65.1,NE
65.2,NE
65.3,NE
65.4,NE
65.5,NE
65.6,NE
65.7,NE
65.8,NE
65.9,NE
66,NE
66.1,NE
66.2,NE
66.3,NE
66.4,NE
66.5,NE
66.6,NE
66.7,NE
66.8,NE
66.9,NE
67,NE
67.1,NE
67.2,NE
67.3,NE
67.4,NE
67.5,NE
67.6,E
67.7,E
67.8,E
67.9,E
68,E
68.1,E
68.2,E
68.3,E
68.4,E
68.5,E
68.6,E
68.7,E
68.8,E
68.9,E
69,E
69.1,E
69.2,E
69.3,E
69.4,E
69.5,E
69.6,E
69.7,E
69.8,E
69.9,E
70,E
70.1,E
70.2,E
70.3,E
70.4,E
70.5,E
70.6,E
70.7,E
70.8,E
70.9,E
71,E
71.1,E
71.2,E
71.3,E
71.4,E
71.5,E
71.6,E
71.7,E
71.8,E
71.9,E
72,E
72.1,E
72.2,E
72.3,E
72.4,E
72.5,E
72.6,E
72.7,E
72.8,E
72.9,E
73,E
73.1,E
73.2,E
73.3,E
73.4,E
73.5,E
73.6,E
73.7,E
73.8,E
73.9,E
74,E
74.1,E
74.2,E
74.3,E
74.4,E
74.5,E
74.6,E
74.7,E
74.8,E
74.9,E
75,E
75.1,E
75.2,E
75.3,E
75.4,E
75.5,E
75.6,E
75.7,E
75.8,E
75.9,E
76,E
76.1,E
76.2,E
76.3,E
76.4,E
76.5,E
76.6,E
76.7,E
76.8,E
76.9,E
77,E
77.1,E
77.2,E
77.3,E
77.4,E
77.5,E
77.6,E
77.7,E
77.8,E
77.9,E
78,E
78.1,E
78.2,E
78.3,E
78.4,E
78.5,E
78.6,E
78.7,E
78.8,E
78.9,E
79,E
79.1,E
79.2,E
79.3,E
79.4,E
79.5,E
79.6,E
79.7,E
79.8,E
79.9,E
80,E
80.1,E
80.2,E
80.3,E
80.4,E
80.5,E
80.6,E
80.7,E
80.8,E
80.9,E
81,E
81.1,E
81.2,E
81.3,E
81.4,E
81.5,E
81.6,E
81.7,E
81.8,E
81.9,E
82,E
82.1,E
82.2,E
82.3,E
82.4,E
82.5,E
82.6,E
82.7,E
82.8,E
82.9,E
83,E
83.1,E
83.2,E
83.3,E
83.4,E
83.5,E
83.6,E
83.7,E
83.8,E
83.9,E
84,E
84.1,E
84.2,E
84.3,E
84.4,E
84.5,E
84.6,E
84.7,E
84.8,E
84.9,E
85,E
85.1,E
85.2,E
85.3,E
85.4,E
85.5,E
85.6,E
85.7,E
85.8,E
85.9,E
86,E
86.1,E
86.2,E
86.3,E
86.4,E
86.5,E
86.6,E
86.7,E
86.8,E
86.9,E
87,E
87.1,E
87.2,E
87.3,E
87.4,E
87.5,E
87.6,E
87.7,E
87.8,E
87.9,E
88,E
88.1,E
88.2,E
88.3,E
88.4,E
88.5,E
88.6,E
88.7,E
88.8,E
88.9,E
89,E
89.1,E
89.2,E
89.3,E
89.4,E
89.5,E
89.6,E
89.7,E
89.8,E
89.9,E
90,E
90.1,E
90.2,E
90.3,E
90.4,E
90.5,E
90.6,E
90.7,E
90.8,E
90.9,E
91,E
91.1,E
91.2,E
91.3,E
91.4,E
91.5,E
91.6,E
91.7,E
91.8,E
91.9,E
92,E
92.1,E
92.2,E
92.3,E
92.4,E
92.5,E
92.6,E
92.7,E
92.8,E
92.9,E
93,E
93.1,E
93.2,E
93.3,E
93.4,E
93.5,E
93.6,E
93.7,E
93.8,E
93.9,E
94,E
94.1,E
94.2,E
94.3,E
94.4,E
94.5,E
94.6,E
94.7,E
94.8,E
94.9,E
95,E
95.1,E
95.2,E
95.3,E
95.4,E
95.5,E
95.6,E
95.7,E
95.8,E
95.9,E
96,E
96.1,E
96.2,E
96.3,E
96.4,E
96.5,E
96.6,E
96.7,E
96.8,E
96.9,E
97,E
97.1,E
97.2,E
97.3,E
97.4,E
97.5,E
97.6,E
97.7,E
97.8,E
97.9,E
98,E
98.1,E
98.2,E
98.3,E
98.4,E
98.5,E
98.6,E
98.7,E
98.8,E
98.9,E
99,E
99.1,E
99.2,E
99.3,E
99.4,E
99.5,E
99.6,E
99.7,E
99.8,E
99.9,E
100,E
100.1,E
100.2,E
100.3,E
100.4,E
100.5,E
100.6,E
100.7,E
100.8,E
100.9,E
101,E
101.1,E
101.2,E
101.3,E
101.4,E
101.5,E
101.6,E
101.7,E
101.8,E
101.9,E
102,E
102.1,E
102.2,E
102.3,E
102.4,E
102.5,E
102.6,E
102.7,E
102.8,E
102.9,E
103,E
103.1,E
103.2,E
103.3,E
103.4,E
103.5,E
103.6,E
103.7,E
103.8,E
103.9,E
104,E
104.1,E
104.2,E
104.3,E
104.4,E
104.5,E
104.6,E
104.7,E
104.8,E
104.9,E
105,E
105.1,E
105.2,E
105.3,E
105.4,E
105.5,E
105.6,E
105.7,E
105.8,E
105.9,E
106,E
106.1,E
106.2,E
106.3,E
106.4,E
106.5,E
106.6,E
106.7,E
106.8,E
106.9,E
107,E
107.1,E
107.2,E
107.3,E
107.4,E
107.5,E
107.6,E
107.7,E
107.8,E
107.9,E
108,E
108.1,E
108.2,E
108.3,E
108.4,E
108.5,E
108.6,E
108.7,E
108.8,E
108.9,E
109,E
109.1,E
109.2,E
109.3,E
109.4,E
109.5,E
109.6,E
109.7,E
109.8,E
109.9,E
110,E
110.1,E
110.2,E
110.3,E
110.4,E
110.5,E
110.6,E
110.7,E
110.8,E
110.9,E
111,E
111.1,E
111.2,E
111.3,E
111.4,E
111.5,E
111.6,E
111.7,E
111.8,E
111.9,E
112,E
112.1,E
112.2,E
112.3,E
112.4,E
112.5,E
112.6,SE
112.7,SE
112.8,SE
112.9,SE
113,SE
113.1,SE
113.2,SE
113.3,SE
113.4,SE
113.5,SE
113.6,SE
113.7,SE
113.8,SE
113.9,SE
114,SE
114.1,SE
114.2,SE
114.3,SE
114.4,SE
114.5,SE
114.6,SE
114.7,SE
114.8,SE
114.9,SE
115,SE
115.1,SE
115.2,SE
115.3,SE
115.4,SE
115.5,SE
115.6,SE
115.7,SE
115.8,SE
115.9,SE
116,SE
116.1,SE
116.2,SE
116.3,SE
116.4,SE
116.5,SE
116.6,SE
116.7,SE
116.8,SE
116.9,SE
117,SE
117.1,SE
117.2,SE
117.3,SE
117.4,SE
117.5,SE
117.6,SE
117.7,SE
117.8,SE
117.9,SE
118,SE
118.1,SE
118.2,SE
118.3,SE
118.4,SE
118.5,SE
118.6,SE
118.7,SE
118.8,SE
118.9,SE
119,SE
119.1,SE
119.2,SE
119.3,SE
119.4,SE
119.5,SE
119.6,SE
119.7,SE
119.8,SE
119.9,SE
120,SE
120.1,SE
120.2,SE
120.3,SE
120.4,SE
120.5,SE
120.6,SE
120.7,SE
120.8,SE
120.9,SE
121,SE
121.1,SE
121.2,SE
121.3,SE
121.4,SE
121.5,SE
121.6,SE
121.7,SE
121.8,SE
121.9,SE
122,SE
122.1,SE
122.2,SE
122.3,SE
122.4,SE
122.5,SE
122.6,SE
122.7,SE
122.8,SE
122.9,SE
123,SE
123.1,SE
123.2,SE
123.3,SE
123.4,SE
123.5,SE
123.6,SE
123.7,SE
123.8,SE
123.9,SE
124,SE
124.1,SE
124.2,SE
124.3,SE
124.4,SE
124.5,SE
124.6,SE
124.7,SE
124.8,SE
124.9,SE
125,SE
125.1,SE
125.2,SE
125.3,SE
125.4,SE
125.5,SE
125.6,SE
125.7,SE
125.8,SE
125.9,SE
126,SE
126.1,SE
126.2,SE
126.3,SE
126.4,SE
126.5,SE
126.6,SE
126.7,SE
126.8,SE
126.9,SE
127,SE
127.1,SE
127.2,SE
127.3,SE
127.4,SE
127.5,SE
127.6,SE
127.7,SE
127.8,SE
127.9,SE
128,SE
128.1,SE
128.2,SE
128.3,SE
128.4,SE
128.5,SE
128.6,SE
128.7,SE
128.8,SE
128.9,SE
129,SE
129.1,SE
129.2,SE
129.3,SE
129.4,SE
129.5,SE
129.6,SE
129.7,SE
129.8,SE
129.9,SE
130,SE
130.1,SE
130.2,SE
130.3,SE
130.4,SE
130.5,SE
130.6,SE
130.7,SE
130.8,SE
130.9,SE
131,SE
131.1,SE
131.2,SE
131.3,SE
131.4,SE
131.5,SE
131.6,SE
131.7,SE
131.8,SE
131.9,SE
132,SE
132.1,SE
132.2,SE
132.3,SE
132.4,SE
132.5,SE
132.6,SE
132.7,SE
132.8,SE
132.9,SE
133,SE
133.1,SE
133.2,SE
133.3,SE
133.4,SE
133.5,SE
133.6,SE
133.7,SE
133.8,SE
133.9,SE
134,SE
134.1,SE
134.2,SE
134.3,SE
134.4,SE
134.5,SE
134.6,SE
134.7,SE
134.8,SE
134.9,SE
135,SE
135.1,SE
135.2,SE
135.3,SE
135.4,SE
135.5,SE
135.6,SE
135.7,SE
135.8,SE
135.9,SE
136,SE
136.1,SE
136.2,SE
136.3,SE
136.4,SE
136.5,SE
136.6,SE
136.7,SE
136.8,SE
136.9,SE
137,SE
137.1,SE
137.2,SE
137.3,SE
137.4,SE
137.5,SE
137.6,SE
137.7,SE
137.8,SE
137.9,SE
138,SE
138.1,SE
138.2,SE
138.3,SE
138.4,SE
138.5,SE
138.6,SE
138.7,SE
138.8,SE
138.9,SE
139,SE
139.1,SE
139.2,SE
139.3,SE
139.4,SE
139.5,SE
139.6,SE
139.7,SE
139.8,SE
139.9,SE
140,SE
140.1,SE
140.2,SE
140.3,SE
140.4,SE
140.5,SE
140.6,SE
140.7,SE
140.8,SE
140.9,SE
141,SE
141.1,SE
141.2,SE
141.3,SE
141.4,SE
141.5,SE
141.6,SE
141.7,SE
141.8,SE
141.9,SE
142,SE
142.1,SE
142.2,SE
142.3,SE
142.4,SE
142.5,SE
142.6,SE
142.7,SE
142.8,SE
142.9,SE
143,SE
143.1,SE
143.2,SE
143.3,SE
143.4,SE
143.5,SE
143.6,SE
143.7,SE
143.8,SE
143.9,SE
144,SE
144.1,SE
144.2,SE
144.3,SE
144.4,SE
144.5,SE
144.6,SE
144.7,SE
144.8,SE
144.9,SE
145,SE
145.1,SE
145.2,SE
145.3,SE
145.4,SE
145.5,SE
145.6,SE
145.7,SE
145.8,SE
145.9,SE
146,SE
146.1,SE
146.2,SE
146.3,SE
146.4,SE
146.5,SE
146.6,SE
146.7,SE
146.8,SE
146.9,SE
147,SE
147.1,SE
147.2,SE
147.3,SE
147.4,SE
147.5,SE
147.6,SE
147.7,SE
147.8,SE
147.9,SE
148,SE
148.1,SE
148.2,SE
148.3,SE
148.4,SE
148.5,SE
148.6,SE
148.7,SE
148.8,SE
148.9,SE
149,SE
149.1,SE
149.2,SE
149.3,SE
149.4,SE
149.5,SE
149.6,SE
149.7,SE
149.8,SE
149.9,SE
150,SE
150.1,SE
150.2,SE
150.3,SE
150.4,SE
150.5,SE
150.6,SE
150.7,SE
150.8,SE
150.9,SE
151,SE
151.1,SE
151.2,SE
151.3,SE
151.4,SE
151.5,SE
151.6,SE
151.7,SE
151.8,SE
151.9,SE
152,SE
152.1,SE
152.2,SE
152.3,SE
152.4,SE
152.5,SE
152.6,SE
152.7,SE
152.8,SE
152.9,SE
153,SE
153.1,SE
153.2,SE
153.3,SE
153.4,SE
153.5,SE
153.6,SE
153.7,SE
153.8,SE
153.9,SE
154,SE
154.1,SE
154.2,SE
154.3,SE
154.4,SE
154.5,SE
154.6,SE
154.7,SE
154.8,SE
154.9,SE
155,SE
155.1,SE
155.2,SE
155.3,SE
155.4,SE
155.5,SE
155.6,SE
155.7,SE
155.8,SE
155.9,SE
156,SE
156.1,SE
156.2,SE
156.3,SE
156.4,SE
156.5,SE
156.6,SE
156.7,SE
156.8,SE
156.9,SE
157,SE
157.1,SE
157.2,SE
157.3,SE
157.4,SE
157.5,SE
157.6,S
157.7,S
157.8,S
157.9,S
158,S
158.1,S
158.2,S
158.3,S
158.4,S
158.5,S
158.6,S
158.7,S
158.8,S
158.9,S
159,S
159.1,S
159.2,S
159.3,S
159.4,S
159.5,S
159.6,S
159.7,S
159.8,S
159.9,S
160,S
160.1,S
160.2,S
160.3,S
160.4,S
160.5,S
160.6,S
160.7,S
160.8,S
160.9,S
161,S
161.1,S
161.2,S
161.3,S
161.4,S
161.5,S
161.6,S
161.7,S
161.8,S
161.9,S
162,S
162.1,S
162.2,S
162.3,S
162.4,S
162.5,S
162.6,S
162.7,S
162.8,S
162.9,S
163,S
163.1,S
163.2,S
163.3,S
163.4,S
163.5,S
163.6,S
163.7,S
163.8,S
163.9,S
164,S
164.1,S
164.2,S
164.3,S
164.4,S
164.5,S
164.6,S
164.7,S
164.8,S
164.9,S
165,S
165.1,S
165.2,S
165.3,S
165.4,S
165.5,S
165.6,S
165.7,S
165.8,S
165.9,S
166,S
166.1,S
166.2,S
166.3,S
166.4,S
166.5,S
166.6,S
166.7,S
166.8,S
166.9,S
167,S
167.1,S
167.2,S
167.3,S
167.4,S
167.5,S
167.6,S
167.7,S
167.8,S
167.9,S
168,S
168.1,S
168.2,S
168.3,S
168.4,S
168.5,S
168.6,S
168.7,S
168.8,S
168.9,S
169,S
169.1,S
169.2,S
169.3,S
169.4,S
169.5,S
169.6,S
169.7,S
169.8,S
169.9,S
170,S
170.1,S
170.2,S
170.3,S
170.4,S
170.5,S
170.6,S
170.7,S
170.8,S
170.9,S
171,S
171.1,S
171.2,S
171.3,S
171.4,S
171.5,S
171.6,S
171.7,S
171.8,S
171.9,S
172,S
172.1,S
172.2,S
172.3,S
172.4,S
172.5,S
172.6,S
172.7,S
172.8,S
172.9,S
173,S
173.1,S
173.2,S
173.3,S
173.4,S
173.5,S
173.6,S
173.7,S
173.8,S
173.9,S
174,S
174.1,S
174.2,S
174.3,S
174.4,S
174.5,S
174.6,S
174.7,S
174.8,S
174.9,S
175,S
175.1,S
175.2,S
175.3,S
175.4,S
175.5,S
175.6,S
175.7,S
175.8,S
175.9,S
176,S
176.1,S
176.2,S
176.3,S
176.4,S
176.5,S
176.6,S
176.7,S
176.8,S
176.9,S
177,S
177.1,S
177.2,S
177.3,S
177.4,S
177.5,S
177.6,S
177.7,S
177.8,S
177.9,S
178,S
178.1,S
178.2,S
178.3,S
178.4,S
178.5,S
178.6,S
178.7,S
178.8,S
178.9,S
179,S
179.1,S
179.2,S
179.3,S
179.4,S
179.5,S
179.6,S
179.7,S
179.8,S
179.9,S
180,S
180.1,S
180.2,S
180.3,S
180.4,S
180.5,S
180.6,S
180.7,S
180.8,S
180.9,S
181,S
181.1,S
181.2,S
181.3,S
181.4,S
181.5,S
181.6,S
181.7,S
181.8,S
181.9,S
182,S
182.1,S
182.2,S
182.3,S
182.4,S
182.5,S
182.6,S
182.7,S
182.8,S
182.9,S
183,S
183.1,S
183.2,S
183.3,S
183.4,S
183.5,S
183.6,S
183.7,S
183.8,S
183.9,S
184,S
184.1,S
184.2,S
184.3,S
184.4,S
184.5,S
184.6,S
184.7,S
184.8,S
184.9,S
185,S
185.1,S
185.2,S
185.3,S
185.4,S
185.5,S
185.6,S
185.7,S
185.8,S
185.9,S
186,S
186.1,S
186.2,S
186.3,S
186.4,S
186.5,S
186.6,S
186.7,S
186.8,S
186.9,S
187,S
187.1,S
187.2,S
187.3,S
187.4,S
187.5,S
187.6,S
187.7,S
187.8,S
187.9,S
188,S
188.1,S
188.2,S
188.3,S
188.4,S
188.5,S
188.6,S
188.7,S
188.8,S
188.9,S
189,S
189.1,S
189.2,S
189.3,S
189.4,S
189.5,S
189.6,S
189.7,S
189.8,S
189.9,S
190,S
190.1,S
190.2,S
190.3,S
190.4,S
190.5,S
190.6,S
190.7,S
190.8,S
190.9,S
191,S
191.1,S
191.2,S
191.3,S
191.4,S
191.5,S
191.6,S
191.7,S
191.8,S
191.9,S
192,S
192.1,S
192.2,S
192.3,S
192.4,S
192.5,S
192.6,S
192.7,S
192.8,S
192.9,S
193,S
193.1,S
193.2,S
193.3,S
193.4,S
193.5,S
193.6,S
193.7,S
193.8,S
193.9,S
194,S
194.1,S
194.2,S
194.3,S
194.4,S
194.5,S
194.6,S
194.7,S
194.8,S
194.9,S
195,S
195.1,S
195.2,S
195.3,S
195.4,S
195.5,S
195.6,S
195.7,S
195.8,S
195.9,S
196,S
196.1,S
196.2,S
196.3,S
196.4,S
196.5,S
196.6,S
196.7,S
196.8,S
196.9,S
197,S
197.1,S
197.2,S
197.3,S
197.4,S
197.5,S
197.6,S
197.7,S
197.8,S
197.9,S
198,S
198.1,S
198.2,S
198.3,S
198.4,S
198.5,S
198.6,S
198.7,S
198.8,S
198.9,S
199,S
199.1,S
199.2,S
199.3,S
199.4,S
199.5,S
199.6,S
199.7,S
199.8,S
199.9,S
200,S
200.1,S
200.2,S
200.3,S
200.4,S
200.5,S
200.6,S
200.7,S
200.8,S
200.9,S
201,S
201.1,S
201.2,S
201.3,S
201.4,S
201.5,S
201.6,S
201.7,S
201.8,S
201.9,S
202,S
202.1,S
202.2,S
202.3,S
202.4,S
202.5,S
202.6,SW
202.7,SW
202.8,SW
202.9,SW
203,SW
203.1,SW
203.2,SW
203.3,SW
203.4,SW
203.5,SW
203.6,SW
203.7,SW
203.8,SW
203.9,SW
204,SW
204.1,SW
204.2,SW
204.3,SW
204.4,SW
204.5,SW
204.6,SW
204.7,SW
204.8,SW
204.9,SW
205,SW
205.1,SW
205.2,SW
205.3,SW
205.4,SW
205.5,SW
205.6,SW
205.7,SW
205.8,SW
205.9,SW
206,SW
206.1,SW
206.2,SW
206.3,SW
206.4,SW
206.5,SW
206.6,SW
206.7,SW
206.8,SW
206.9,SW
207,SW
207.1,SW
207.2,SW
207.3,SW
207.4,SW
207.5,SW
207.6,SW
207.7,SW
207.8,SW
207.9,SW
208,SW
208.1,SW
208.2,SW
208.3,SW
208.4,SW
208.5,SW
208.6,SW
208.7,SW
208.8,SW
208.9,SW
209,SW
209.1,SW
209.2,SW
209.3,SW
209.4,SW
209.5,SW
209.6,SW
209.7,SW
209.8,SW
209.9,SW
210,SW
210.1,SW
210.2,SW
210.3,SW
210.4,SW
210.5,SW
210.6,SW
210.7,SW
210.8,SW
210.9,SW
211,SW
211.1,SW
211.2,SW
211.3,SW
211.4,SW
211.5,SW
211.6,SW
211.7,SW
211.8,SW
211.9,SW
212,SW
212.1,SW
212.2,SW
212.3,SW
212.4,SW
212.5,SW
212.6,SW
212.7,SW
212.8,SW
212.9,SW
213,SW
213.1,SW
213.2,SW
213.3,SW
213.4,SW
213.5,SW
213.6,SW
213.7,SW
213.8,SW
213.9,SW
214,SW
214.1,SW
214.2,SW
214.3,SW
214.4,SW
214.5,SW
214.6,SW
214.7,SW
214.8,SW
214.9,SW
215,SW
215.1,SW
215.2,SW
215.3,SW
215.4,SW
215.5,SW
215.6,SW
215.7,SW
215.8,SW
215.9,SW
216,SW
216.1,SW
216.2,SW
216.3,SW
216.4,SW
216.5,SW
216.6,SW
216.7,SW
216.8,SW
216.9,SW
217,SW
217.1,SW
217.2,SW
217.3,SW
217.4,SW
217.5,SW
217.6,SW
217.7,SW
217.8,SW
217.9,SW
218,SW
218.1,SW
218.2,SW
218.3,SW
218.4,SW
218.5,SW
218.6,SW
218.7,SW
218.8,SW
218.9,SW
219,SW
219.1,SW
219.2,SW
219.3,SW
219.4,SW
219.5,SW
219.6,SW
219.7,SW
219.8,SW
219.9,SW
220,SW
220.1,SW
220.2,SW
220.3,SW
220.4,SW
220.5,SW
220.6,SW
220.7,SW
220.8,SW
220.9,SW
221,SW
221.1,SW
221.2,SW
221.3,SW
221.4,SW
221.5,SW
221.6,SW
221.7,SW
221.8,SW
221.9,SW
222,SW
222.1,SW
222.2,SW
222.3,SW
222.4,SW
222.5,SW
222.6,SW
222.7,SW
222.8,SW
222.9,SW
223,SW
223.1,SW
223.2,SW
223.3,SW
223.4,SW
223.5,SW
223.6,SW
223.7,SW
223.8,SW
223.9,SW
224,SW
224.1,SW
224.2,SW
224.3,SW
224.4,SW
224.5,SW
224.6,SW
224.7,SW
224.8,SW
224.9,SW
225,SW
225.1,SW
225.2,SW
225.3,SW
225.4,SW
225.5,SW
225.6,SW
225.7,SW
225.8,SW
225.9,SW
226,SW
226.1,SW
226.2,SW
226.3,SW
226.4,SW
226.5,SW
226.6,SW
226.7,SW
226.8,SW
226.9,SW
227,SW
227.1,SW
227.2,SW
227.3,SW
227.4,SW
227.5,SW
227.6,SW
227.7,SW
227.8,SW
227.9,SW
228,SW
228.1,SW
228.2,SW
228.3,SW
228.4,SW
228.5,SW
228.6,SW
228.7,SW
228.8,SW
228.9,SW
229,SW
229.1,SW
229.2,SW
229.3,SW
229.4,SW
229.5,SW
229.6,SW
229.7,SW
229.8,SW
229.9,SW
230,SW
230.1,SW
230.2,SW
230.3,SW
230.4,SW
230.5,SW
230.6,SW
230.7,SW
230.8,SW
230.9,SW
231,SW
231.1,SW
231.2,SW
231.3,SW
231.4,SW
231.5,SW
231.6,SW
231.7,SW
231.8,SW
231.9,SW
232,SW
232.1,SW
232.2,SW
232.3,SW
232.4,SW
232.5,SW
232.6,SW
232.7,SW
232.8,SW
232.9,SW
233,SW
233.1,SW
233.2,SW
233.3,SW
233.4,SW
233.5,SW
233.6,SW
233.7,SW
233.8,SW
233.9,SW
234,SW
234.1,SW
234.2,SW
234.3,SW
234.4,SW
234.5,SW
234.6,SW
234.7,SW
234.8,SW
234.9,SW
235,SW
235.1,SW
235.2,SW
235.3,SW
235.4,SW
235.5,SW
235.6,SW
235.7,SW
235.8,SW
235.9,SW
236,SW
236.1,SW
236.2,SW
236.3,SW
236.4,SW
236.5,SW
236.6,SW
236.7,SW
236.8,SW
236.9,SW
237,SW
237.1,SW
237.2,SW
237.3,SW
237.4,SW
237.5,SW
237.6,SW
237.7,SW
237.8,SW
237.9,SW
238,SW
238.1,SW
238.2,SW
238.3,SW
238.4,SW
238.5,SW
238.6,SW
238.7,SW
238.8,SW
238.9,SW
239,SW
239.1,SW
239.2,SW
239.3,SW
239.4,SW
239.5,SW
239.6,SW
239.7,SW
239.8,SW
239.9,SW
240,SW
240.1,SW
240.2,SW
240.3,SW
240.4,SW
240.5,SW
240.6,SW
240.7,SW
240.8,SW
240.9,SW
241,SW
241.1,SW
241.2,SW
241.3,SW
241.4,SW
241.5,SW
241.6,SW
241.7,SW
241.8,SW
241.9,SW
242,SW
242.1,SW
242.2,SW
242.3,SW
242.4,SW
242.5,SW
242.6,SW
242.7,SW
242.8,SW
242.9,SW
243,SW
243.1,SW
243.2,SW
243.3,SW
243.4,SW
243.5,SW
243.6,SW
243.7,SW
243.8,SW
243.9,SW
244,SW
244.1,SW
244.2,SW
244.3,SW
244.4,SW
244.5,SW
244.6,SW
244.7,SW
244.8,SW
244.9,SW
245,SW
245.1,SW
245.2,SW
245.3,SW
245.4,SW
245.5,SW
245.6,SW
245.7,SW
245.8,SW
245.9,SW
246,SW
246.1,SW
246.2,SW
246.3,SW
246.4,SW
246.5,SW
246.6,SW
246.7,SW
246.8,SW
246.9,SW
247,SW
247.1,SW
247.2,SW
247.3,SW
247.4,SW
247.5,SW
247.6,W
247.7,W
247.8,W
247.9,W
248,W
248.1,W
248.2,W
248.3,W
248.4,W
248.5,W
248.6,W
248.7,W
248.8,W
248.9,W
249,W
249.1,W
249.2,W
249.3,W
249.4,W
249.5,W
249.6,W
249.7,W
249.8,W
249.9,W
250,W
250.1,W
250.2,W
250.3,W
250.4,W
250.5,W
250.6,W
250.7,W
250.8,W
250.9,W
251,W
251.1,W
251.2,W
251.3,W
251.4,W
251.5,W
251.6,W
251.7,W
251.8,W
251.9,W
252,W
252.1,W
252.2,W
252.3,W
252.4,W
252.5,W
252.6,W
252.7,W
252.8,W
252.9,W
253,W
253.1,W
253.2,W
253.3,W
253.4,W
253.5,W
253.6,W
253.7,W
253.8,W
253.9,W
254,W
254.1,W
254.2,W
254.3,W
254.4,W
254.5,W
254.6,W
254.7,W
254.8,W
254.9,W
255,W
255.1,W
255.2,W
255.3,W
255.4,W
255.5,W
255.6,W
255.7,W
255.8,W
255.9,W
256,W
256.1,W
256.2,W
256.3,W
256.4,W
256.5,W
256.6,W
256.7,W
256.8,W
256.9,W
257,W
257.1,W
257.2,W
257.3,W
257.4,W
257.5,W
257.6,W
257.7,W
257.8,W
257.9,W
258,W
258.1,W
258.2,W
258.3,W
258.4,W
258.5,W
258.6,W
258.7,W
258.8,W
258.9,W
259,W
259.1,W
259.2,W
259.3,W
259.4,W
259.5,W
259.6,W
259.7,W
259.8,W
259.9,W
260,W
260.1,W
260.2,W
260.3,W
260.4,W
260.5,W
260.6,W
260.7,W
260.8,W
260.9,W
261,W
261.1,W
261.2,W
261.3,W
261.4,W
261.5,W
261.6,W
261.7,W
261.8,W
261.9,W
262,W
262.1,W
262.2,W
262.3,W
262.4,W
262.5,W
262.6,W
262.7,W
262.8,W
262.9,W
263,W
263.1,W
263.2,W
263.3,W
263.4,W
263.5,W
263.6,W
263.7,W
263.8,W
263.9,W
264,W
264.1,W
264.2,W
264.3,W
264.4,W
264.5,W
264.6,W
264.7,W
264.8,W
264.9,W
265,W
265.1,W
265.2,W
265.3,W
265.4,W
265.5,W
265.6,W
265.7,W
265.8,W
265.9,W
266,W
266.1,W
266.2,W
266.3,W
266.4,W
266.5,W
266.6,W
266.7,W
266.8,W
266.9,W
267,W
267.1,W
267.2,W
267.3,W
267.4,W
267.5,W
267.6,W
267.7,W
267.8,W
267.9,W
268,W
268.1,W
268.2,W
268.3,W
268.4,W
268.5,W
268.6,W
268.7,W
268.8,W
268.9,W
269,W
269.1,W
269.2,W
269.3,W
269.4,W
269.5,W
269.6,W
269.7,W
269.8,W
269.9,W
270,W
270.1,W
270.2,W
270.3,W
270.4,W
270.5,W
270.6,W
270.7,W
270.8,W
270.9,W
271,W
271.1,W
271.2,W
271.3,W
271.4,W
271.5,W
271.6,W
271.7,W
271.8,W
271.9,W
272,W
272.1,W
272.2,W
272.3,W
272.4,W
272.5,W
272.6,W
272.7,W
272.8,W
272.9,W
273,W
273.1,W
273.2,W
273.3,W
273.4,W
273.5,W
273.6,W
273.7,W
273.8,W
273.9,W
274,W
274.1,W
274.2,W
274.3,W
274.4,W
274.5,W
274.6,W
274.7,W
274.8,W
274.9,W
275,W
275.1,W
275.2,W
275.3,W
275.4,W
275.5,W
275.6,W
275.7,W
275.8,W
275.9,W
276,W
276.1,W
276.2,W
276.3,W
276.4,W
276.5,W
276.6,W
276.7,W
276.8,W
276.9,W
277,W
277.1,W
277.2,W
277.3,W
277.4,W
277.5,W
277.6,W
277.7,W
277.8,W
277.9,W
278,W
278.1,W
278.2,W
278.3,W
278.4,W
278.5,W
278.6,W
278.7,W
278.8,W
278.9,W
279,W
279.1,W
279.2,W
279.3,W
279.4,W
279.5,W
279.6,W
279.7,W
279.8,W
279.9,W
280,W
280.1,W
280.2,W
280.3,W
280.4,W
280.5,W
280.6,W
280.7,W
280.8,W
280.9,W
281,W
281.1,W
281.2,W
281.3,W
281.4,W
281.5,W
281.6,W
281.7,W
281.8,W
281.9,W
282,W
282.1,W
282.2,W
282.3,W
282.4,W
282.5,W
282.6,W
282.7,W
282.8,W
282.9,W
283,W
283.1,W
283.2,W
283.3,W
283.4,W
283.5,W
283.6,W
283.7,W
283.8,W
283.9,W
284,W
284.1,W
284.2,W
284.3,W
284.4,W
284.5,W
284.6,W
284.7,W
284.8,W
284.9,W
285,W
285.1,W
285.2,W
285.3,W
285.4,W
285.5,W
285.6,W
285.7,W
285.8,W
285.9,W
286,W
286.1,W
286.2,W
286.3,W
286.4,W
286.5,W
286.6,W
286.7,W
286.8,W
286.9,W
287,W
287.1,W
287.2,W
287.3,W
287.4,W
287.5,W
287.6,W
287.7,W
287.8,W
287.9,W
288,W
288.1,W
288.2,W
288.3,W
288.4,W
288.5,W
288.6,W
288.7,W
288.8,W
288.9,W
289,W
289.1,W
289.2,W
289.3,W
289.4,W
289.5,W
289.6,W
289.7,W
289.8,W
289.9,W
290,W
290.1,W
290.2,W
290.3,W
290.4,W
290.5,W
290.6,W
290.7,W
290.8,W
290.9,W
291,W
291.1,W
291.2,W
291.3,W
291.4,W
291.5,W
291.6,W
291.7,W
291.8,W
291.9,W
292,W
292.1,W
292.2,W
292.3,W
292.4,W
292.5,W
292.6,NW
292.7,NW
292.8,NW
292.9,NW
293,NW
293.1,NW
293.2,NW
293.3,NW
293.4,NW
293.5,NW
293.6,NW
293.7,NW
293.8,NW
293.9,NW
294,NW
294.1,NW
294.2,NW
294.3,NW
294.4,NW
294.5,NW
294.6,NW
294.7,NW
294.8,NW
294.9,NW
295,NW
295.1,NW
295.2,NW
295.3,NW
295.4,NW
295.5,NW
295.6,NW
295.7,NW
295.8,NW
295.9,NW
296,NW
296.1,NW
296.2,NW
296.3,NW
296.4,NW
296.5,NW
296.6,NW
296.7,NW
296.8,NW
296.9,NW
297,NW
297.1,NW
297.2,NW
297.3,NW
297.4,NW
297.5,NW
297.6,NW
297.7,NW
297.8,NW
297.9,NW
298,NW
298.1,NW
298.2,NW
298.3,NW
298.4,NW
298.5,NW
298.6,NW
298.7,NW
298.8,NW
298.9,NW
299,NW
299.1,NW
299.2,NW
299.3,NW
299.4,NW
299.5,NW
299.6,NW
299.7,NW
299.8,NW
299.9,NW
300,NW
300.1,NW
300.2,NW
300.3,NW
300.4,NW
300.5,NW
300.6,NW
300.7,NW
300.8,NW
300.9,NW
301,NW
301.1,NW
301.2,NW
301.3,NW
301.4,NW
301.5,NW
301.6,NW
301.7,NW
301.8,NW
301.9,NW
302,NW
302.1,NW
302.2,NW
302.3,NW
302.4,NW
302.5,NW
302.6,NW
302.7,NW
302.8,NW
302.9,NW
303,NW
303.1,NW
303.2,NW
303.3,NW
303.4,NW
303.5,NW
303.6,NW
303.7,NW
303.8,NW
303.9,NW
304,NW
304.1,NW
304.2,NW
304.3,NW
304.4,NW
304.5,NW
304.6,NW
304.7,NW
304.8,NW
304.9,NW
305,NW
305.1,NW
305.2,NW
305.3,NW
305.4,NW
305.5,NW
305.6,NW
305.7,NW
305.8,NW
305.9,NW
306,NW
306.1,NW
306.2,NW
306.3,NW
306.4,NW
306.5,NW
306.6,NW
306.7,NW
306.8,NW
306.9,NW
307,NW
307.1,NW
307.2,NW
307.3,NW
307.4,NW
307.5,NW
307.6,NW
307.7,NW
307.8,NW
307.9,NW
308,NW
308.1,NW
308.2,NW
308.3,NW
308.4,NW
308.5,NW
308.6,NW
308.7,NW
308.8,NW
308.9,NW
309,NW
309.1,NW
309.2,NW
309.3,NW
309.4,NW
309.5,NW
309.6,NW
309.7,NW
309.8,NW
309.9,NW
310,NW
310.1,NW
310.2,NW
310.3,NW
310.4,NW
310.5,NW
310.6,NW
310.7,NW
310.8,NW
310.9,NW
311,NW
311.1,NW
311.2,NW
311.3,NW
311.4,NW
311.5,NW
311.6,NW
311.7,NW
311.8,NW
311.9,NW
312,NW
312.1,NW
312.2,NW
312.3,NW
312.4,NW
312.5,NW
312.6,NW
312.7,NW
312.8,NW
312.9,NW
313,NW
313.1,NW
313.2,NW
313.3,NW
313.4,NW
313.5,NW
313.6,NW
313.7,NW
313.8,NW
313.9,NW
314,NW
314.1,NW
314.2,NW
314.3,NW
314.4,NW
314.5,NW
314.6,NW
314.7,NW
314.8,NW
314.9,NW
315,NW
315.1,NW
315.2,NW
315.3,NW
315.4,NW
315.5,NW
315.6,NW
315.7,NW
315.8,NW
315.9,NW
316,NW
316.1,NW
316.2,NW
316.3,NW
316.4,NW
316.5,NW
316.6,NW
316.7,NW
316.8,NW
316.9,NW
317,NW
317.1,NW
317.2,NW
317.3,NW
317.4,NW
317.5,NW
317.6,NW
317.7,NW
317.8,NW
317.9,NW
318,NW
318.1,NW
318.2,NW
318.3,NW
318.4,NW
318.5,NW
318.6,NW
318.7,NW
318.8,NW
318.9,NW
319,NW
319.1,NW
319.2,NW
319.3,NW
319.4,NW
319.5,NW
319.6,NW
319.7,NW
319.8,NW
319.9,NW
320,NW
320.1,NW
320.2,NW
320.3,NW
320.4,NW
320.5,NW
320.6,NW
320.7,NW
320.8,NW
320.9,NW
321,NW
321.1,NW
321.2,NW
321.3,NW
321.4,NW
321.5,NW
321.6,NW
321.7,NW
321.8,NW
321.9,NW
322,NW
322.1,NW
322.2,NW
322.3,NW
322.4,NW
322.5,NW
322.6,NW
322.7,NW
322.8,NW
322.9,NW
323,NW
323.1,NW
323.2,NW
323.3,NW
323.4,NW
323.5,NW
323.6,NW
323.7,NW
323.8,NW
323.9,NW
324,NW
324.1,NW
324.2,NW
324.3,NW
324.4,NW
324.5,NW
324.6,NW
324.7,NW
324.8,NW
324.9,NW
325,NW
325.1,NW
325.2,NW
325.3,NW
325.4,NW
325.5,NW
325.6,NW
325.7,NW
325.8,NW
325.9,NW
326,NW
326.1,NW
326.2,NW
326.3,NW
326.4,NW
326.5,NW
326.6,NW
326.7,NW
326.8,NW
326.9,NW
327,NW
327.1,NW
327.2,NW
327.3,NW
327.4,NW
327.5,NW
327.6,NW
327.7,NW
327.8,NW
327.9,NW
328,NW
328.1,NW
328.2,NW
328.3,NW
328.4,NW
328.5,NW
328.6,NW
328.7,NW
328.8,NW
328.9,NW
329,NW
329.1,NW
329.2,NW
329.3,NW
329.4,NW
329.5,NW
329.6,NW
329.7,NW
329.8,NW
329.9,NW
330,NW
330.1,NW
330.2,NW
330.3,NW
330.4,NW
330.5,NW
330.6,NW
330.7,NW
330.8,NW
330.9,NW
331,NW
331.1,NW
331.2,NW
331.3,NW
331.4,NW
331.5,NW
331.6,NW
331.7,NW
331.8,NW
331.9,NW
332,NW
332.1,NW
332.2,NW
332.3,NW
332.4,NW
332.5,NW
332.6,NW
332.7,NW
332.8,NW
332.9,NW
333,NW
333.1,NW
333.2,NW
333.3,NW
333.4,NW
333.5,NW
333.6,NW
333.7,NW
333.8,NW
333.9,NW
334,NW
334.1,NW
334.2,NW
334.3,NW
334.4,NW
334.5,NW
334.6,NW
334.7,NW
334.8,NW
334.9,NW
335,NW
335.1,NW
335.2,NW
335.3,NW
335.4,NW
335.5,NW
335.6,NW
335.7,NW
335.8,NW
335.9,NW
336,NW
336.1,NW
336.2,NW
336.3,NW
336.4,NW
336.5,NW
336.6,NW
336.7,NW
336.8,NW
336.9,NW
337,NW
337.1,NW
337.2,NW
337.3,NW
337.4,NW
337.5,NW
337.6,N
337.7,N
337.8,N
337.9,N
338,N
338.1,N
338.2,N
338.3,N
338.4,N
338.5,N
338.6,N
338.7,N
338.8,N
338.9,N
339,N
339.1,N
339.2,N
339.3,N
339.4,N
339.5,N
339.6,N
339.7,N
339.8,N
339.9,N
340,N
340.1,N
340.2,N
340.3,N
340.4,N
340.5,N
340.6,N
340.7,N
340.8,N
340.9,N
341,N
341.1,N
341.2,N
341.3,N
341.4,N
341.5,N
341.6,N
341.7,N
341.8,N
341.9,N
342,N
342.1,N
342.2,N
342.3,N
342.4,N
342.5,N
342.6,N
342.7,N
342.8,N
342.9,N
343,N
343.1,N
343.2,N
343.3,N
343.4,N
343.5,N
343.6,N
343.7,N
343.8,N
343.9,N
344,N
344.1,N
344.2,N
344.3,N
344.4,N
344.5,N
344.6,N
344.7,N
344.8,N
344.9,N
345,N
345.1,N
345.2,N
345.3,N
345.4,N
345.5,N
345.6,N
345.7,N
345.8,N
345.9,N
346,N
346.1,N
346.2,N
346.3,N
346.4,N
346.5,N
346.6,N
346.7,N
346.8,N
346.9,N
347,N
347.1,N
347.2,N
347.3,N
347.4,N
347.5,N
347.6,N
347.7,N
347.8,N
347.9,N
348,N
348.1,N
348.2,N
348.3,N
348.4,N
348.5,N
348.6,N
348.7,N
348.8,N
348.9,N
349,N
349.1,N
349.2,N
349.3,N
349.4,N
349.5,N
349.6,N
349.7,N
349.8,N
349.9,N
350,N
350.1,N
350.2,N
350.3,N
350.4,N
350.5,N
350.6,N
350.7,N
350.8,N
350.9,N
351,N
351.1,N
351.2,N
351.3,N
351.4,N
351.5,N
351.6,N
351.7,N
351.8,N
351.9,N
352,N
352.1,N
352.2,N
352.3,N
352.4,N
352.5,N
352.6,N
352.7,N
352.8,N
352.9,N
353,N
353.1,N
353.2,N
353.3,N
353.4,N
353.5,N
353.6,N
353.7,N
353.8,N
353.9,N
354,N
354.1,N
354.2,N
354.3,N
354.4,N
354.5,N
354.6,N
354.7,N
354.8,N
354.9,N
355,N
355.1,N
355.2,N
355.3,N
355.4,N
355.5,N
355.6,N
355.7,N
355.8,N
355.9,N
356,N
356.1,N
356.2,N
356.3,N
356.4,N
356.5,N
356.6,N
356.7,N
356.8,N
356.9,N
357,N
357.1,N
357.2,N
357.3,N
357.4,N
357.5,N
357.6,N
357.7,N
357.8,N
357.9,N
358,N
358.1,N
358.2,N
358.3,N
358.4,N
358.5,N
358.6,N
358.7,N
358.8,N
358.9,N
359,N
359.1,N
359.2,N
359.3,N
359.4,N
359.5,N
359.6,N
359.7,N
359.8,N
359.9,N
360,NA
